{
    "PFltSig_vfEgPfilFildMinB1_C": 100.0,
    "PFltSig_vfEgPfilFildMaxB1_C": 800.0,
    "PFltSig_tiNormMin_C": 20.0,
    "PFltSig_dvfEgPfilFildMinB1_C": 35.0,
    "PFltSig_dvfEgPfilFildMaxB1_C": 1000.0,
    "PFltSig_dmSotOxdMax_C": 32.0,
    "PPfilDif_ratPCorrlnThdDual_C": -0.5,
    "PFltSig_ratPCorrlnMinDiag_C": 0.3,
    "PFltSig_numPCorrlnAvrgDiag_C": 3.0,
    "PFltSig_numPCorrlnAvrg_C": 6.0,
    "PFltSig_facPDeltaPfilRefCorrB1_C": 21.0,
    "PFltSig_tiFilPDifB1_C": 4.0,
    "PFltSig_tiFilVfB1_C": 4.0,
    "PFltSig_stRstCrssCorrlnB1_C": 112.0,
    "PFltSig_StMacPBasdB1.tiEfcDurnMin_C": 20.0,
    "PFltSig_stHaltCrssCorrlnB1_C": 142.0,
    "PFltSig_rFlowPfilRefB1_T": {
        "retXData": [
            -50.040000000000006,
            85.66,
            221.35999999999999,
            357.15999999999997,
            492.86,
            628.5600000000001,
            764.26,
            900.0600000000001,
            1035.76,
            1171.46,
            1307.26
        ],
        "retZData": [
            3.2767,
            0.0784,
            3.2767,
            0.0784,
            3.2767,
            0.0,
            3.2767,
            3.2767,
            0.0784,
            3.2767,
            0.0784
        ]
    },
    "PFltSig_ratRFlowEgB1_T": {
        "retXData": [
            -50.040000000000006,
            85.66,
            221.35999999999999,
            357.15999999999997,
            492.86,
            628.5600000000001,
            764.26,
            900.0600000000001,
            1035.76,
            1171.46,
            1307.26
        ],
        "retZData": [
            0.817,
            1.162,
            1.473,
            1.674,
            1.731,
            2.19,
            2.548,
            2.79,
            3.026,
            3.255,
            3.479
        ]
    },
    "lost_signals": "['apple', 'banana']"
}